,Environment
W0,Site 1
W1,Site 1
W2,Site 1
W3,Site 1
W4,Site 1
W5,Site 1
W6,Site 1
W7,Site 1
W8,Site 1
W9,Site 1
W10,Site 1
W11,Site 1
W12,Site 1
W13,Site 1
W14,Site 1
W15,Site 1
W16,Site 1
W17,Site 1
W18,Site 1
W19,Site 1
W20,Site 1
W21,Site 1
W22,Site 1
W23,Site 1
W24,Site 1
W25,Site 1
W26,Site 1
W27,Site 1
W28,Site 1
W29,Site 1
W30,Site 1
W31,Site 1
W32,Site 1
W33,Site 1
W34,Site 1
W35,Site 1
W36,Site 1
W37,Site 1
W38,Site 1
W39,Site 1
W40,Site 1
W41,Site 1
W42,Site 1
W43,Site 1
W44,Site 1
W45,Site 1
W46,Site 1
W47,Site 1
W48,Site 1
W49,Site 1
W50,Site 1
W51,Site 1
W52,Site 1
W53,Site 1
W54,Site 1
W55,Site 1
W56,Site 1
W57,Site 1
W58,Site 1
W59,Site 1
W60,Site 1
W61,Site 1
W62,Site 1
W63,Site 1
W64,Site 1
W65,Site 1
W66,Site 1
W67,Site 1
W68,Site 1
W69,Site 1
W70,Site 1
W71,Site 1
W72,Site 1
W73,Site 1
W74,Site 1
W75,Site 1
W76,Site 1
W77,Site 1
W78,Site 1
W79,Site 1
W80,Site 1
W81,Site 1
W82,Site 1
W83,Site 1
W84,Site 1
W85,Site 1
W86,Site 1
W87,Site 1
W88,Site 1
W89,Site 1
W90,Site 1
W91,Site 1
W92,Site 1
W93,Site 1
W94,Site 1
W95,Site 1
W96,Site 1
W97,Site 1
W98,Site 1
W99,Site 1
W100,Site 1
W101,Site 1
W102,Site 1
W103,Site 1
W104,Site 1
W105,Site 1
W106,Site 1
W107,Site 1
W108,Site 1
W109,Site 1
W110,Site 1
W111,Site 1
W112,Site 1
W113,Site 1
W114,Site 1
W115,Site 1
W116,Site 1
W117,Site 1
W118,Site 1
W119,Site 1
W120,Site 1
W121,Site 1
W122,Site 1
W123,Site 1
W124,Site 1
W125,Site 1
W126,Site 1
W127,Site 1
W128,Site 1
W129,Site 1
W130,Site 1
W131,Site 1
W132,Site 1
W133,Site 1
W134,Site 1
W135,Site 1
W136,Site 1
W137,Site 1
W138,Site 1
W139,Site 1
W140,Site 1
W141,Site 1
W142,Site 1
W143,Site 1
W144,Site 1
W145,Site 1
W146,Site 1
W147,Site 1
W148,Site 1
W149,Site 1
W150,Site 1
W151,Site 1
W152,Site 1
W153,Site 1
W154,Site 1
W155,Site 1
W156,Site 1
W157,Site 1
W158,Site 1
W159,Site 1
W160,Site 1
W161,Site 1
W162,Site 1
W163,Site 1
W164,Site 1
W165,Site 1
W166,Site 1
W167,Site 1
W168,Site 1
W169,Site 1
W170,Site 1
W171,Site 1
W172,Site 1
W173,Site 1
W174,Site 1
W175,Site 1
W176,Site 1
W177,Site 1
W178,Site 1
W179,Site 1
W180,Site 1
W181,Site 1
W182,Site 1
W183,Site 1
W184,Site 1
W185,Site 1
W186,Site 1
W187,Site 1
W188,Site 1
W189,Site 1
W190,Site 1
W191,Site 1
W192,Site 1
W193,Site 1
W194,Site 1
W195,Site 1
W196,Site 1
W197,Site 1
W198,Site 1
W199,Site 1
W200,Site 1
W201,Site 1
W202,Site 1
W203,Site 1
W204,Site 1
W205,Site 1
W206,Site 1
W207,Site 1
W208,Site 1
W209,Site 1
W210,Site 1
W211,Site 1
W212,Site 1
W213,Site 1
W214,Site 1
W215,Site 1
W216,Site 1
W217,Site 1
W218,Site 1
W219,Site 1
W220,Site 1
W221,Site 1
W222,Site 1
W223,Site 1
W224,Site 1
W225,Site 1
W226,Site 1
W227,Site 1
W228,Site 1
W229,Site 1
W230,Site 1
W231,Site 1
W232,Site 1
W233,Site 1
W234,Site 1
W235,Site 1
W236,Site 1
W237,Site 1
W238,Site 1
W239,Site 1
W240,Site 1
W241,Site 1
W242,Site 1
W243,Site 1
W244,Site 1
W245,Site 1
W246,Site 1
W247,Site 1
W248,Site 1
W249,Site 1
W250,Site 1
W251,Site 1
W252,Site 1
W253,Site 1
W254,Site 1
W255,Site 1
W256,Site 1
W257,Site 1
W258,Site 1
W259,Site 1
W260,Site 1
W261,Site 1
W262,Site 1
W263,Site 1
W264,Site 1
W265,Site 1
W266,Site 1
W267,Site 1
W268,Site 1
W269,Site 1
W270,Site 1
W271,Site 1
W272,Site 1
W273,Site 1
W274,Site 1
W275,Site 1
W276,Site 1
W277,Site 1
W278,Site 1
W279,Site 1
W280,Site 1
W281,Site 1
W282,Site 1
W283,Site 1
W284,Site 1
W285,Site 1
W286,Site 1
W287,Site 1
W288,Site 1
W289,Site 1
W290,Site 1
W291,Site 1
W292,Site 1
W293,Site 1
W294,Site 1
W295,Site 1
W296,Site 1
W297,Site 1
W298,Site 1
W299,Site 1
W300,Site 2
W301,Site 2
W302,Site 2
W303,Site 2
W304,Site 2
W305,Site 2
W306,Site 2
W307,Site 2
W308,Site 2
W309,Site 2
W310,Site 2
W311,Site 2
W312,Site 2
W313,Site 2
W314,Site 2
W315,Site 2
W316,Site 2
W317,Site 2
W318,Site 2
W319,Site 2
W320,Site 2
W321,Site 2
W322,Site 2
W323,Site 2
W324,Site 2
W325,Site 2
W326,Site 2
W327,Site 2
W328,Site 2
W329,Site 2
W330,Site 2
W331,Site 2
W332,Site 2
W333,Site 2
W334,Site 2
W335,Site 2
W336,Site 2
W337,Site 2
W338,Site 2
W339,Site 2
W340,Site 2
W341,Site 2
W342,Site 2
W343,Site 2
W344,Site 2
W345,Site 2
W346,Site 2
W347,Site 2
W348,Site 2
W349,Site 2
W350,Site 2
W351,Site 2
W352,Site 2
W353,Site 2
W354,Site 2
W355,Site 2
W356,Site 2
W357,Site 2
W358,Site 2
W359,Site 2
W360,Site 2
W361,Site 2
W362,Site 2
W363,Site 2
W364,Site 2
W365,Site 2
W366,Site 2
W367,Site 2
W368,Site 2
W369,Site 2
W370,Site 2
W371,Site 2
W372,Site 2
W373,Site 2
W374,Site 2
W375,Site 2
W376,Site 2
W377,Site 2
W378,Site 2
W379,Site 2
W380,Site 2
W381,Site 2
W382,Site 2
W383,Site 2
W384,Site 2
W385,Site 2
W386,Site 2
W387,Site 2
W388,Site 2
W389,Site 2
W390,Site 2
W391,Site 2
W392,Site 2
W393,Site 2
W394,Site 2
W395,Site 2
W396,Site 2
W397,Site 2
W398,Site 2
W399,Site 2
W400,Site 2
W401,Site 2
W402,Site 2
W403,Site 2
W404,Site 2
W405,Site 2
W406,Site 2
W407,Site 2
W408,Site 2
W409,Site 2
W410,Site 2
W411,Site 2
W412,Site 2
W413,Site 2
W414,Site 2
W415,Site 2
W416,Site 2
W417,Site 2
W418,Site 2
W419,Site 2
W420,Site 2
W421,Site 2
W422,Site 2
W423,Site 2
W424,Site 2
W425,Site 2
W426,Site 2
W427,Site 2
W428,Site 2
W429,Site 2
W430,Site 2
W431,Site 2
W432,Site 2
W433,Site 2
W434,Site 2
W435,Site 2
W436,Site 2
W437,Site 2
W438,Site 2
W439,Site 2
W440,Site 2
W441,Site 2
W442,Site 2
W443,Site 2
W444,Site 2
W445,Site 2
W446,Site 2
W447,Site 2
W448,Site 2
W449,Site 2
W450,Site 2
W451,Site 2
W452,Site 2
W453,Site 2
W454,Site 2
W455,Site 2
W456,Site 2
W457,Site 2
W458,Site 2
W459,Site 2
W460,Site 2
W461,Site 2
W462,Site 2
W463,Site 2
W464,Site 2
W465,Site 2
W466,Site 2
W467,Site 2
W468,Site 2
W469,Site 2
W470,Site 2
W471,Site 2
W472,Site 2
W473,Site 2
W474,Site 2
W475,Site 2
W476,Site 2
W477,Site 2
W478,Site 2
W479,Site 2
W480,Site 2
W481,Site 2
W482,Site 2
W483,Site 2
W484,Site 2
W485,Site 2
W486,Site 2
W487,Site 2
W488,Site 2
W489,Site 2
W490,Site 2
W491,Site 2
W492,Site 2
W493,Site 2
W494,Site 2
W495,Site 2
W496,Site 2
W497,Site 2
W498,Site 2
W499,Site 2
W500,Site 2
W501,Site 2
W502,Site 2
W503,Site 2
W504,Site 2
W505,Site 2
W506,Site 2
W507,Site 2
W508,Site 2
W509,Site 2
W510,Site 2
W511,Site 2
W512,Site 2
W513,Site 2
W514,Site 2
W515,Site 2
W516,Site 2
W517,Site 2
W518,Site 2
W519,Site 2
W520,Site 2
W521,Site 2
W522,Site 2
W523,Site 2
W524,Site 2
W525,Site 2
W526,Site 2
W527,Site 2
W528,Site 2
W529,Site 2
W530,Site 2
W531,Site 2
W532,Site 2
W533,Site 2
W534,Site 2
W535,Site 2
W536,Site 2
W537,Site 2
W538,Site 2
W539,Site 2
W540,Site 2
W541,Site 2
W542,Site 2
W543,Site 2
W544,Site 2
W545,Site 2
W546,Site 2
W547,Site 2
W548,Site 2
W549,Site 2
W550,Site 2
W551,Site 2
W552,Site 2
W553,Site 2
W554,Site 2
W555,Site 2
W556,Site 2
W557,Site 2
W558,Site 2
W559,Site 2
W560,Site 2
W561,Site 2
W562,Site 2
W563,Site 2
W564,Site 2
W565,Site 2
W566,Site 2
W567,Site 2
W568,Site 2
W569,Site 2
W570,Site 2
W571,Site 2
W572,Site 2
W573,Site 2
W574,Site 2
W575,Site 2
W576,Site 2
W577,Site 2
W578,Site 2
W579,Site 2
W580,Site 2
W581,Site 2
W582,Site 2
W583,Site 2
W584,Site 2
W585,Site 2
W586,Site 2
W587,Site 2
W588,Site 2
W589,Site 2
W590,Site 2
W591,Site 2
W592,Site 2
W593,Site 2
W594,Site 2
W595,Site 2
W596,Site 2
W597,Site 2
W598,Site 2
W599,Site 2
W600,Site 3
W601,Site 3
W602,Site 3
W603,Site 3
W604,Site 3
W605,Site 3
W606,Site 3
W607,Site 3
W608,Site 3
W609,Site 3
W610,Site 3
W611,Site 3
W612,Site 3
W613,Site 3
W614,Site 3
W615,Site 3
W616,Site 3
W617,Site 3
W618,Site 3
W619,Site 3
W620,Site 3
W621,Site 3
W622,Site 3
W623,Site 3
W624,Site 3
W625,Site 3
W626,Site 3
W627,Site 3
W628,Site 3
W629,Site 3
W630,Site 3
W631,Site 3
W632,Site 3
W633,Site 3
W634,Site 3
W635,Site 3
W636,Site 3
W637,Site 3
W638,Site 3
W639,Site 3
W640,Site 3
W641,Site 3
W642,Site 3
W643,Site 3
W644,Site 3
W645,Site 3
W646,Site 3
W647,Site 3
W648,Site 3
W649,Site 3
W650,Site 3
W651,Site 3
W652,Site 3
W653,Site 3
W654,Site 3
W655,Site 3
W656,Site 3
W657,Site 3
W658,Site 3
W659,Site 3
W660,Site 3
W661,Site 3
W662,Site 3
W663,Site 3
W664,Site 3
W665,Site 3
W666,Site 3
W667,Site 3
W668,Site 3
W669,Site 3
W670,Site 3
W671,Site 3
W672,Site 3
W673,Site 3
W674,Site 3
W675,Site 3
W676,Site 3
W677,Site 3
W678,Site 3
W679,Site 3
W680,Site 3
W681,Site 3
W682,Site 3
W683,Site 3
W684,Site 3
W685,Site 3
W686,Site 3
W687,Site 3
W688,Site 3
W689,Site 3
W690,Site 3
W691,Site 3
W692,Site 3
W693,Site 3
W694,Site 3
W695,Site 3
W696,Site 3
W697,Site 3
W698,Site 3
W699,Site 3
W700,Site 3
W701,Site 3
W702,Site 3
W703,Site 3
W704,Site 3
W705,Site 3
W706,Site 3
W707,Site 3
W708,Site 3
W709,Site 3
W710,Site 3
W711,Site 3
W712,Site 3
W713,Site 3
W714,Site 3
W715,Site 3
W716,Site 3
W717,Site 3
W718,Site 3
W719,Site 3
W720,Site 3
W721,Site 3
W722,Site 3
W723,Site 3
W724,Site 3
W725,Site 3
W726,Site 3
W727,Site 3
W728,Site 3
W729,Site 3
W730,Site 3
W731,Site 3
W732,Site 3
W733,Site 3
W734,Site 3
W735,Site 3
W736,Site 3
W737,Site 3
W738,Site 3
W739,Site 3
W740,Site 3
W741,Site 3
W742,Site 3
W743,Site 3
W744,Site 3
W745,Site 3
W746,Site 3
W747,Site 3
W748,Site 3
W749,Site 3
W750,Site 3
W751,Site 3
W752,Site 3
W753,Site 3
W754,Site 3
W755,Site 3
W756,Site 3
W757,Site 3
W758,Site 3
W759,Site 3
W760,Site 3
W761,Site 3
W762,Site 3
W763,Site 3
W764,Site 3
W765,Site 3
W766,Site 3
W767,Site 3
W768,Site 3
W769,Site 3
W770,Site 3
W771,Site 3
W772,Site 3
W773,Site 3
W774,Site 3
W775,Site 3
W776,Site 3
W777,Site 3
W778,Site 3
W779,Site 3
W780,Site 3
W781,Site 3
W782,Site 3
W783,Site 3
W784,Site 3
W785,Site 3
W786,Site 3
W787,Site 3
W788,Site 3
W789,Site 3
W790,Site 3
W791,Site 3
W792,Site 3
W793,Site 3
W794,Site 3
W795,Site 3
W796,Site 3
W797,Site 3
W798,Site 3
W799,Site 3
W800,Site 3
W801,Site 3
W802,Site 3
W803,Site 3
W804,Site 3
W805,Site 3
W806,Site 3
W807,Site 3
W808,Site 3
W809,Site 3
W810,Site 3
W811,Site 3
W812,Site 3
W813,Site 3
W814,Site 3
W815,Site 3
W816,Site 3
W817,Site 3
W818,Site 3
W819,Site 3
W820,Site 3
W821,Site 3
W822,Site 3
W823,Site 3
W824,Site 3
W825,Site 3
W826,Site 3
W827,Site 3
W828,Site 3
W829,Site 3
W830,Site 3
W831,Site 3
W832,Site 3
W833,Site 3
W834,Site 3
W835,Site 3
W836,Site 3
W837,Site 3
W838,Site 3
W839,Site 3
W840,Site 3
W841,Site 3
W842,Site 3
W843,Site 3
W844,Site 3
W845,Site 3
W846,Site 3
W847,Site 3
W848,Site 3
W849,Site 3
W850,Site 3
W851,Site 3
W852,Site 3
W853,Site 3
W854,Site 3
W855,Site 3
W856,Site 3
W857,Site 3
W858,Site 3
W859,Site 3
W860,Site 3
W861,Site 3
W862,Site 3
W863,Site 3
W864,Site 3
W865,Site 3
W866,Site 3
W867,Site 3
W868,Site 3
W869,Site 3
W870,Site 3
W871,Site 3
W872,Site 3
W873,Site 3
W874,Site 3
W875,Site 3
W876,Site 3
W877,Site 3
W878,Site 3
W879,Site 3
W880,Site 3
W881,Site 3
W882,Site 3
W883,Site 3
W884,Site 3
W885,Site 3
W886,Site 3
W887,Site 3
W888,Site 3
W889,Site 3
W890,Site 3
W891,Site 3
W892,Site 3
W893,Site 3
W894,Site 3
W895,Site 3
W896,Site 3
W897,Site 3
W898,Site 3
W899,Site 3
